{
    "name": "level1",
    "width": 64,
    "height": 32,
    "pointsNeeded" : 2,
    "mapStructure" : {
        "charCount" : 2
    },
    "map":[
        "WsWsWsWsWsWsWsWsWsWsWsWsWsWsWsWsWsWsWsWsWsWsWsWsWsWsWsWsWsWsWsWsWsWsWsWsWsWsWsWsWsWsWsWsWsWsWsWsWsWsWsWsWsWsWsWsWsWsWsWsWsWsWsWs",
        "Ws            ..rr..    Yd      Ws                                                        YdBa                    Ba        BaWs",
        "Ws            ..rr..            WsWsWsWsWsWsWsWsWsWsWsWsWsWsWsWs                          Ba  BaBaBaWsWsBa                  BaWs",
        "Ws  $1 .........................$1          ..      Burr      Ws                      WsDgWsBo......Ws                        Ws",
        "Ws..WsWsWsWsWsWs  WsWsWsWsWsWsWsWsWsWsNuWsWsWsWsWsWsWsWs      WsrrrrrrrrrrrrrrrrrrrrrrWs  Ws..      WsWsWsWsWsWsWsWs          Ws",
        "Ws            ..rr..            Ws    ..              Ws      Ws$3$1$1$1$1$1$1$1$1$1$3Ws  Ws        Dy            Dy          Ws",
        "WsKg    RoBo  ..rr..            Ws                    WsBoBoBoWsWsWsWsWsWsWsWsWsWsWsWsWs  Ws        W3    BsBs    W3          Ws",
        "Ws  P1    ..  ......    Ls      Ws                    Ws      Ws                          Ws        W3    BSBS    W3          Ws",
        "Ws    DgI5                      Ws                    Ws      Ws                          Ws        W2W2W2W2W2W2W2Ww          Ws",
        "Ws    WsI8      rr              Ws                    Ws$1Kb$1WsKg  $3WsWsWsWsWsWs        Ws        BoBoBoBoBoBoBoBo          Ws",
        "WsDgWsWsIbWs    ..              WsWsWsWsWsWsWsWsDbWsWsWsWhWsWsWsrr            $3Ws        Ws                                  Ws",
        "Ws                      Lb      Ws                      ..  rrrrWs            $3Ws        Ws        WsWsWsWsWsWsWsWs          Ws",
        "Ws                    La        Ws                        rrrrrrWs  WsWsWsWsWsWsWs        Ws        Ws$1$1$1$1$1$1Ws          Ws",
        "Ws                            ..Dr.._!  W4W2W2  W2W2W2W2rr  W2WwWs  Ws          Ws        Ws        Ws$1$1$3$3$1$1Ws          Ws",
        "Ws                            ..Dr.._!  W3Yd                    WsBuWs    $3    Ws        Ws        Ws$1$1$3$3$1$1Ws          Ws",
        "Ws                            ..Dr.._!  W3rr      rrrr        rrWs  Ws    Ws  BuWs        Ws        Ws$1$1$3$3$1$1Ws          Ws",
        "Ws                            ..Dr.._!  W2W2W2  W2W2W2W2    W2W3Ws  Ws    Ws    Ws        Ws        Ws$1$1$1$1$1$1Ws        BoWs",
        "Ws                              Ws                        BorrW3    Ws    Ws    WsWsWs    Ws      BuWsWsWsWsWsWsWsWs      W4W2Ws",
        "Ws                ....          Ws                          BoW3  BuWs    Ws              Ws                              W3KyWs",
        "Ws    ..          ..            Ws                          $1W3          Ws              Ws                              W3KyWs",
        "Ws        ....  ....    ..    ..Ws                          $1W3          Dr    $1$1$1$1$1Dr                              W3KyWs",
        "WsrrrrrrrrrrrrrrrrrrrrrrrrrrrrrrWsWsDrWsWsWsWsWsWsWsWsWsWsWsWsWsWsWsWsWsWsWsWsWsWsWsWsWs  Ws      ..  ..                  W3KyWs",
        "Ws                              Wh                              Ws      ..      rr    IX  IX              ..            ..W3KyWs",
        "WsWsWsWsWsWs  NuNu              Wh                              Ws  $1rr    ....      Ix  Ix        ..  ..    ..          W3KyWs",
        "Ws..      Bu..  Ws              Wh                              Ws  ..      $1      ..IyXXIY              ..        ..    W3KyWs",
        "Ws..WsWsWsWsWsWsBuWs            ..                              WsWsWsWs..  rr    Bo..WsWsWs  ..                          W3KyWs",
        "Ws..        WsBuBuBuWs          Wh                              DrKr              ....Dg..Dy    ..  ..    ..    ..        W3KyWs",
        "Ws..........WsBuBuBuWsWsWsWsWsWsWsWsDrWsWsWsDyWsWsWsDbWsWsWsDgWsWsWsWsWs        ..  ..Dg..Dy$1....  ..        $1          W3KyWs",
        "WsBuBuBuBuBuBuBuBuBuBuBuBuBuBuBuWs      Ws      Ws      Ws      Ws    rr          ....Dg..Dy    ....  ..      ....  ..  ..W3KyWs",
        "WsBuBuBuBuBuBuBuBuBuBuBuBuBuBuBuWs  C1  Ws  C2  Ws  C3  Ws  C1  Ws    $3..    rr    ..Dg  Dy    ..$1      ..    ..    ....W3KyWs",
        "WsBuBuBuBuBuBuBuBuBuBuBuBuBuBuBuWs      Ws      Ws      Ws      Ws  ..              ..Dg..DyKg        ..          ....    Dy$1Ws",
        "WsWsWsWsWsWsWsWsWsWsWsWsWsWsWsWsWsWsWsWsWsWsWsWsWsWsWsWsWsWsWsWsWsWsWsWsWsWsWsWsWsWsWsWsWsWsWsWsWsWsWsWsWsWsWsWsWsWsWsWsWsWsWsWs"
    ]
}